Algorithm,budget,f(S),Number of query,running time
Greedy,1,0.14765519045282882,23,0.0
Repeated Greedy,1,0.14898290182892035,141,0.003993511199951172
Simultaneous Greedy,1,0.13577820163652948,81,0.0010302066802978516
FANTOM,1,0.14898290182892035,829,0.013649225234985352
SPROUT++,1,0.14898290182892032,360,0.008139371871948242
TwinGreedy2,1,0.14898290182892035,102,0.0019996166229248047
Algorithm3ITW,1,0.14898290182892032,102,0.001997232437133789
